Tamano,Secuencial(peor),Binaria(peor),BinariaOPT,QuickSelect(k),exponencial,interpolacion
1000,6.287173e-07,2.406061e-07,2.414841e-07,1.321000e-03,2.327758e-07,2.272066e-07
5000,2.507485e-06,2.483738e-07,2.450581e-07,3.502700e-02,2.376206e-07,2.296628e-07
10000,4.614508e-06,2.461726e-07,2.754017e-07,1.514940e-01,2.364608e-07,2.305691e-07
50000,3.159716e-05,2.518479e-07,2.655408e-07,3.670212e+00,2.387324e-07,2.269112e-07
