Tamano,Greedy_Puntaje,Greedy_Costo,Greedy_Ratio
10,0.00500000,0.00342857,0.00457143
1000,0.00371429,0.00485714,0.00471429
5000,0.00342857,0.01557143,0.02128571
10000,0.00871429,0.00842857,0.01071429
20000,0.01185714,0.00857143,0.01271429
30000,0.01657143,0.01428571,0.01728571
40000,0.01985714,0.01828571,0.02142857
50000,0.02171429,0.02114286,0.02471429
