Tamano,DP_TopDown,DP_BottomUp
10,0.00542857,0.00542857
50,0.01057143,0.01085714
100,0.05342857,0.01785714
500,0.54528571,0.07200000
1000,1.31542857,0.15900000
2000,3.09457143,0.25828571
5000,10.53157143,0.70300000
