Tamano,Bubble,Insertion,Selection,Cocktail,Merge,MergeOpt,QuickUlt,QuickMed
1000,0.005000,0.000000,0.006000,0.003000,0.000000,0.000000,0.000000,0.000000
5000,0.084000,0.013000,0.111000,0.033000,0.014000,0.000000,0.000000,0.000000
10000,0.302000,0.065000,0.447000,0.200000,0.007000,0.000000,0.006000,0.003000
50000,15.711000,3.955000,16.260000,8.901000,0.029000,0.020000,0.014000,0.014000
100000,70.283000,11.556000,56.441000,58.198000,0.067000,0.034000,0.019000,0.033000
